{"count":1,"self":61.4150144,"total":61.9095544,"children":{"InitializeActuators":{"count":20,"self":0.00097679999999999989,"total":0.00097679999999999989,"children":null},"InitializeSensors":{"count":20,"self":0.00099549999999999986,"total":0.00099549999999999986,"children":null},"AgentSendState":{"count":3027,"self":0.021894999999999998,"total":0.0477758,"children":{"CollectObservations":{"count":12120,"self":0.014699199999999999,"total":0.014699199999999999,"children":null},"WriteActionMask":{"count":12120,"self":0.0064737,"total":0.0064737,"children":null},"RequestDecision":{"count":12120,"self":0.0047079,"total":0.0047079,"children":null}}},"DecideAction":{"count":3027,"self":0.3750135,"total":0.3750135,"children":null},"AgentAct":{"count":3027,"self":0.06678909999999999,"total":0.06678909999999999,"children":null}},"gauges":{"MoveToGoal.CumulativeReward":{"count":1132,"max":1,"min":0,"runningAverage":0.9991165,"value":1,"weightedAverage":0.9999999}},"metadata":{"timer_format_version":"0.1.0","start_time_seconds":"1670585846","unity_version":"2021.3.7f1","command_line_arguments":"C:\\Users\\Miquel\\Desktop\\Move to Goal\\Random Spawns\\Molts\\ML Agents.exe","communication_protocol_version":"1.5.0","com.unity.ml-agents_version":"2.2.1-exp.1","scene_name":"Basic","end_time_seconds":"1670585908"}}